FID,Ubicacion,Fallecidos,Graves,MenosGrave,Leve,Accidentes
1,"CAMINO A RINCONADA & EL CONQUISTADOR, MAIPU",0,1,0,0,1
2,"ALFREDO SILVA CARVALLO & LA GALAXIA, MAIPU",0,0,0,1,1
3,"CALETERA CAMINO A MELIPILLA & PARQUE CENTRAL PONIENTE, MAIPU",0,0,0,1,1
4,"CAMPANARIO & 4 PONIENTE, MAIPU",0,0,0,1,1
5,"INCA DE ORO & 4 PONIENTE, MAIPU",0,0,0,1,1
6,"FRANCISCO PIZARRO & 4 PONIENTE, MAIPU",0,0,0,1,1
7,"AMERICO VESPUCIO & EL RETIRO PARQUE LOS MAITENES, PUDAHUEL",0,0,0,1,1
8,"PARQUE CENTRAL ORIENTE & LAGO DE LUGANO, MAIPU",0,0,0,1,1
9,"LAS NACIONES & JOSE MANUEL BORGONO, MAIPU",0,0,0,1,1
10,"CAMINO A RINCONADA & LAS NACIONES, MAIPU",0,0,0,1,1
11,"PRESIDENTE GABRIEL GONZALEZ VIDELA & NUEVA SAN MARTIN, MAIPU",0,0,0,0,1
12,"PRESIDENTE JOSE MANUEL BALMACEDA & FERMIN VIVACETA, MAIPU",0,0,0,1,1
13,"MAIPU & 3 PONIENTE, MAIPU",0,0,0,1,1
14,"JOSE MANUEL BORGONO & 3 PONIENTE, MAIPU",0,0,0,0,1
15,"2601 3 PONIENTE, MAIPU",0,0,0,1,1
16,"EL OLIMPO & O`HIGGINS, MAIPU",0,0,0,1,1
17,"ALFREDO SILVA CARVALLO & 3 PONIENTE, MAIPU",0,0,0,2,3
18,"ALFREDO SILVA CARVALLO & HUGO ERCILLA OLEA, MAIPU",0,0,0,1,1
19,"1139 PRESIDENTE ARTURO ALESSANDRI PALMA, MAIPU",0,0,1,0,1
20,"INGENIERO EDUARDO DOMINGUEZ & CHANCURA, MAIPU",0,0,0,1,1
21,"BRAVO LUCO & SANTA MARTA, PUDAHUEL",0,1,0,0,1
22,"SERRANO & SAN FRANCISCO, PUDAHUEL",1,0,0,0,1
23,"15300 CAMINO A MELIPILLA, MAIPU",0,0,0,2,1
24,"CLAUDIO ARRAU & EL PORTEZUELO, PUDAHUEL",0,0,0,0,1
25,"LA TRAVESIA & ISLA DE PASCUA, PUDAHUEL",0,0,0,1,1
26,"LA SINFONIA & PRESIDENTE JORGE ALESSANDRI RODRIGUEZ, MAIPU",0,0,0,0,1
27,"1955 AMERICO VESPUCIO, RENCA",1,0,0,0,1
28,"281 CENTENARIO, MAIPU",0,0,0,1,1
29,"1955 AMERICO VESPUCIO, MAIPU",0,0,0,1,1
30,"MANUEL RODRIGUEZ & MAIPU, MAIPU",0,0,0,0,1
31,"VICTORIA & SAN PABLO, PUDAHUEL",0,0,0,1,1
32,"EL ABETO & EL AVELLANO, PUDAHUEL",0,0,1,0,1
33,"5 DE ABRIL & MONUMENTO, MAIPU",0,0,0,1,1
34,"CAMINO LO BOZA & RENCA, RENCA",0,0,0,0,1
35,"3462 LOS PAJARITOS, MAIPU",0,0,0,1,1
36,"SAN DANIEL & ANDRES BELLO, PUDAHUEL",0,1,0,0,1
37,"2897 LOS PAJARITOS, MAIPU",0,0,0,1,1
38,"TRISTAN VALDES & LOS PAJARITOS, MAIPU",0,0,0,1,1
39,"LOS PAJARITOS & CHACABUCO, MAIPU",0,0,0,0,1
40,"LOS PAJARITOS & MAIPU, MAIPU",0,0,0,1,1
41,"LAGUNA SUR & OCEANIA, PUDAHUEL",0,0,0,1,1
42,"SAN LUIS & LO MARCOLETA, QUILICURA",0,0,0,1,2
43,"SANTA ELENA & AMERICO VESPUCIO, MAIPU",0,0,0,2,2
44,"GENERAL OSCAR BONILLA & LA ESTRELLA, PUDAHUEL",0,0,1,0,1
45,"ALBERTO LLONA & BELARMINO OSORIO, MAIPU",0,0,0,0,1
46,"LA ESTRELLA & LOS CHONOS, PUDAHUEL",0,0,0,0,1
47,"LA ESTRELLA & CORONA SUECA, PUDAHUEL",0,0,1,0,1
48,"LA ESTRELLA & SAN PABLO, PUDAHUEL",0,0,0,0,1
49,"1008 LA ESTRELLA, PUDAHUEL",0,0,0,1,1
50,"SALVADOR GUTIERREZ & ABRANTES, CERRO NAVIA",0,1,0,0,1
51,"8654 SAN PABLO, PUDAHUEL",0,0,0,1,1
52,"MAPOCHO SUR & LA ESTRELLA, CERRO NAVIA",0,0,0,1,1
53,"ATACAMA & LA TRAVESIA, PUDAHUEL",0,0,0,0,1
54,"400 AMERICO VESPUCIO, MAIPU",0,0,0,3,3
55,"PRIMERA TRANSVERSAL & 5 DE ABRIL, MAIPU",0,0,0,1,1
56,"AMERICO VESPUCIO & CORDILLERA, QUILICURA",0,0,0,0,1
57,"VOLCAN VILLARRICA & SAN LUIS, QUILICURA",0,0,0,1,1
58,"AMERICO VESPUCIO & WERNER VON BRAUN, MAIPU",0,1,0,0,1
59,"RAFAEL RIESCO BERNALES & PRIMERA TRANSVERSAL, MAIPU",0,0,0,1,1
60,"LOS MARES & LAGUNA DEL INCA, PUDAHUEL",0,0,0,0,1
61,"COSTANERA SUR & GAVIAO, CERRO NAVIA",0,0,0,1,1
62,"VOLCAN LLAIMA & SAN LUIS, QUILICURA",0,0,0,1,1
63,"JOSE JOAQUIN PEREZ & ISTRIA, PUDAHUEL",0,0,0,1,1
64,"LONGITUDINAL & ARQUITECTO HUGO BRAVO, MAIPU",0,0,0,1,1
65,"LA CAPILLA & ROLANDO PETERSEN, CERRO NAVIA",0,0,0,1,1
66,"LONGITUDINAL & EL DESCANSO, MAIPU",0,0,0,0,1
67,"LA TRAVESIA & CHOPIN, PUDAHUEL",0,1,0,0,1
68,"VICUNA MACKENNA & JOSE MIGUEL INFANTE, RENCA",0,0,0,1,1
69,"JOSE MANUEL IRARRAZAVAL & SEGUNDA TRANSVERSAL, MAIPU",0,0,0,1,1
70,"SEGUNDA TRANSVERSAL & 5 DE ABRIL, MAIPU",0,0,0,1,1
71,"COSTANERA SUR & PROFESOR DARIO SALAZAR, CERRO NAVIA",0,0,0,0,1
72,"MAR DE DRAKE & LA TRAVESIA, PUDAHUEL",0,0,0,0,1
73,"ANIBAL PINTO & RUBEN DARIO, QUILICURA",0,0,0,1,1
74,"4425 LOS PAJARITOS, MAIPU",0,0,0,1,1
75,"LOS PAJARITOS & PROVIDENCIA, MAIPU",0,0,0,1,1
76,"250 RIGOBERTO JARA, QUILICURA",0,0,0,2,1
77,"PARQUE CENTRAL ORIENTE & LO MARCOLETA, QUILICURA",0,0,0,1,1
78,"MAPOCHO SUR & ISLAS AZORES, CERRO NAVIA",0,0,0,1,1
79,"5 DE ABRIL & GASPAR, MAIPU",0,0,0,1,1
80,"NICANOR MOLINARE & TOMAS ALBA EDISON, PUDAHUEL",0,0,1,0,1
81,"8441 SAN FRANCISCO, PUDAHUEL",0,0,0,1,1
82,"7360 MAPOCHO SUR, CERRO NAVIA",0,0,0,1,1
83,"SAN LUIS & LUCILA GODOY, QUILICURA",0,0,0,1,1
84,"SEGUNDA TRANSVERSAL & PRIMO DE RIVERA, MAIPU",0,0,0,1,1
85,"SALVADOR GUTIERREZ & HUELEN, CERRO NAVIA",0,1,0,0,1
86,"HUELEN & KARONGA, CERRO NAVIA",0,0,0,1,1
87,"TENIENTE CRUZ & SAN FRANCISCO, PUDAHUEL",0,0,0,2,2
88,"RENE SCHNEIDER & ESQUINA BLANCA, MAIPU",0,0,0,1,1
89,"HUELEN & MAPOCHO NORTE, CERRO NAVIA",0,0,0,1,1
90,"TENIENTE CRUZ & QUEBEC, PUDAHUEL",0,0,0,1,1
91,"SAN PABLO & TENIENTE CRUZ, PUDAHUEL",0,0,0,2,2
92,"GENERAL SAN MARTIN & INTENDENTE SAAVEDRA, QUILICURA",0,0,0,1,1
93,"GUMERCINDO VARGAS & TOMAS ALBA EDISON, CERRO NAVIA",0,0,0,1,1
94,"AMERICO VESPUCIO & GENERAL SAN MARTIN, QUILICURA",1,0,0,0,1
95,"720 TENIENTE CRUZ, PUDAHUEL",0,0,0,1,1
96,"720 TENIENTE CRUZ, PUDAHUEL",0,0,0,1,1
97,"CAMINO A MELIPILLA & LO ESPEJO, MAIPU",0,1,0,0,1
98,"ESQUINA BLANCA & DEL FERROCARRIL, MAIPU",0,0,0,1,1
99,"TENIENTE CRUZ & GENERAL OSCAR BONILLA, PUDAHUEL",0,0,1,2,3
100,"BRASIL & BARROS ARANA, RENCA",0,0,0,1,1
101,"MANUEL ANTONIO MATTA & GENERAL SAN MARTIN, QUILICURA",0,1,0,0,1
102,"CLAUDIO ARRAU & TENIENTE CRUZ, PUDAHUEL",0,0,0,1,1
103,"TENIENTE CRUZ & LA TRAVESIA, PUDAHUEL",0,1,0,0,1
104,"545 TENIENTE CRUZ, PUDAHUEL",0,0,0,0,1
105,"TENIENTE CRUZ & LAGUNA SUR, PUDAHUEL",0,0,0,1,1
106,"ISABEL RIQUELME & SANTA ROSA, MAIPU",0,0,0,0,1
107,"COSTANERA SUR & PARAISO, CERRO NAVIA",0,0,0,1,1
108,"TENIENTE CRUZ & AILINCO, PUDAHUEL",0,1,0,0,1
109,"GABRIELA MISTRAL & RICARDO VIAL, LO PRADO",0,0,0,0,1
110,"LO OVALLE & ROMERAL, QUILICURA",0,0,0,1,1
111,"TENIENTE CRUZ & LOS PAJARITOS, PUDAHUEL",0,0,0,1,1
112,"5643 LOS PAJARITOS, MAIPU",0,0,0,1,1
113,"MANUEL ANTONIO MATTA & LOS CARRERA, QUILICURA",0,0,0,1,1
114,"TUPUNGATO & PARINACOTA, LO PRADO",0,1,0,0,1
115,"JOSE JOAQUIN PEREZ & RENE OLIVA, CERRO NAVIA",0,0,0,1,1
116,"LOS PAJARITOS & DIAGONAL DE LOS LAGOS, PUDAHUEL",0,0,0,1,1
117,"CONDELL & JOSE MANUEL BALMACEDA, RENCA",0,0,0,1,2
118,"1829 LOS CANCILLERES, MAIPU",0,0,0,1,1
119,"MANUEL ANTONIO MATTA & LIBERTADOR BERNARDO O`HIGGINS, QUILICURA",0,0,0,1,1
120,"1410 ISMAEL BRICENO, QUILICURA",1,0,0,0,1
121,"LOS PAJARITOS & LAS TORRES, PUDAHUEL",0,0,0,1,1
122,"LIBERTADOR BERNARDO O`HIGGINS & LAS TORRES, QUILICURA",0,1,0,0,1
123,"LIBERTADOR BERNARDO O`HIGGINS & LO MARCOLETA, QUILICURA",0,0,0,2,1
124,"ANTUMALAL & LIBERTADOR BERNARDO O`HIGGINS, QUILICURA",0,0,0,1,1
125,"GENERAL JUAN BUENDIA & RUTA 68, ESTACION CENTRAL",0,0,0,1,1
126,"6635 SAN PABLO, LO PRADO",0,0,0,0,1
127,"JOSE MIGUEL INFANTE & CONDELL, RENCA",0,0,0,0,2
128,"SAN PABLO & LOS JUNCOS, LO PRADO",0,0,0,1,1
129,"ISABEL RIQUELME & ACRUX, MAIPU",0,0,0,0,1
130,"CONDELL & QUILLAY, RENCA",0,0,0,1,1
131,"SANTA CORINA & LAS PARCELAS, MAIPU",0,0,0,1,1
132,"LAS MADRESELVAS & LOS ARRAYANES, LO PRADO",0,0,0,0,1
133,"COLO COLO & ARTURO PRAT, RENCA",0,0,0,0,1
134,"JOSE JOAQUIN PEREZ & LOS RETAMOS, CERRO NAVIA",0,0,0,1,1
135,"JOSE JOAQUIN PEREZ & DIEGO RAMIREZ, CERRO NAVIA",0,0,0,0,1
136,"REINA MAUD & NEPTUNO, LO PRADO",0,0,0,1,1
137,"NEPTUNO & TERRITORIO ANTARTICO, LO PRADO",0,0,0,1,1
138,"685 ANTUMALAL, QUILICURA",0,0,0,0,1
139,"NEPTUNO & DORSAL, LO PRADO",0,0,0,1,1
140,"LO CRUZAT & LAS TORRES, QUILICURA",0,0,0,1,1
141,"NEPTUNO & GENERAL OSCAR BONILLA, LO PRADO",0,0,0,1,1
142,"MANUEL ANTONIO MATTA & LAS TORRES, QUILICURA",0,0,0,1,1
143,"6114 JOSE JOAQUIN PEREZ, CERRO NAVIA",0,0,0,0,1
144,"1721 NEPTUNO, CERRO NAVIA",0,1,0,0,1
145,"COMANDANTE CHACON & ESPECH, QUINTA NORMAL",0,0,0,1,1
146,"NEPTUNO & SARA GAJARDO, CERRO NAVIA",0,1,0,0,2
147,"JOSE JOAQUIN PEREZ & SATURNO, QUINTA NORMAL",0,0,0,1,1
148,"MAPOCHO & ESPECH, QUINTA NORMAL",0,1,0,0,1
149,"NUNEZ DE BALBOA & MANANTIALES, QUINTA NORMAL",0,0,0,0,1
150,"1445 MERCURIO, QUINTA NORMAL",0,0,0,1,1
151,"SAMUEL IZQUIERDO & RIO BAKER, QUINTA NORMAL",0,0,0,2,1
152,"SANTA MARTA & CATEDRAL, LO PRADO",0,0,0,1,1
153,"VICUNA ROZAS & JUPITER, QUINTA NORMAL",0,0,0,1,1
154,"SAMUEL IZQUIERDO & SALVADOR GUTIERREZ, QUINTA NORMAL",0,0,0,1,1
155,"SAMUEL IZQUIERDO & PROFESOR FUENTES MATURANA, QUINTA NORMAL",0,0,0,1,1
156,"MANUEL ANTONIO MATTA & LAS PARCELAS, QUILICURA",0,0,0,1,1
157,"JOSE MANUEL BALMACEDA & IGNACIO CARRERA PINTO, RENCA",0,0,0,1,1
158,"4463 DOMINGO SANTA MARIA, RENCA",0,0,0,1,1
159,"CARRASCAL & SAMUEL IZQUIERDO, QUINTA NORMAL",0,0,0,0,1
160,"JOSE JOAQUIN PEREZ & LO AMPUERO, QUINTA NORMAL",0,0,0,1,1
161,"4469 ARTURO PRAT, RENCA",0,0,0,1,1
162,"LIBERTADOR BERNARDO O`HIGGINS & AEROPUERTO, ESTACION CENTRAL",0,1,0,0,1
163,"5857 CARRASCAL, QUINTA NORMAL",0,0,0,0,1
164,"5 DE ABRIL & AEROPUERTO, ESTACION CENTRAL",0,2,0,2,2
165,"EL QUILO & GASPAR TORO, QUINTA NORMAL",0,1,0,0,1
166,"COSTANERA NORTE & NICANOR FAJARDO, RENCA",0,0,0,1,1
167,"CARMEN LIDIA & TEGUALDA, QUINTA NORMAL",0,0,0,1,1
168,"ANGAMOS & JOSE MANUEL BALMACEDA, RENCA",0,1,0,0,1
169,"LAS REJAS NORTE & PORTALES, LO PRADO",0,0,0,1,1
170,"1744 SERGIO VALDOVINOS, QUINTA NORMAL",0,0,1,0,1
171,"MAPOCHO & SERGIO VALDOVINOS, QUINTA NORMAL",0,0,0,1,1
172,"4186 DOMINGO SANTA MARIA, RENCA",0,0,0,1,1
173,"PALENA & AYSEN, ESTACION CENTRAL",0,0,0,1,1
174,"1512 INGENIERO LLOYD, QUINTA NORMAL",0,0,0,0,1
175,"JOSE JOAQUIN PEREZ & INGENIERO LLOYD, QUINTA NORMAL",0,0,0,1,1
176,"LO ESPINOZA & LOS SAUCES, QUINTA NORMAL",0,0,0,1,1
177,"1692 ALCALDE GUZMAN, QUILICURA",0,0,0,0,1
178,"SANTA PETRONILA & CATEDRAL, QUINTA NORMAL",0,0,1,0,1
179,"5 DE ABRIL & LAS REJAS SUR, ESTACION CENTRAL",0,0,0,1,1
180,"FREIRE & MAESTRANZA, SAN BERNARDO",0,0,0,1,1
181,"980 LAS REJAS SUR, ESTACION CENTRAL",0,1,0,0,1
182,"CAUPOLICAN & BAQUEDANO, RENCA",0,0,0,1,2
183,"JOSE MANUEL BALMACEDA & SENADOR JAIME GUZMAN ERRAZURIZ, RENCA",0,0,0,1,1
184,"SALVADOR GUTIERREZ & RADAL, QUINTA NORMAL",0,0,0,2,2
185,"RADAL & NUEVA EXTREMADURA, QUINTA NORMAL",0,0,0,1,1
186,"4939 LIBERTADOR BERNARDO O`HIGGINS, ESTACION CENTRAL",0,0,0,1,1
187,"1137 RADAL, QUINTA NORMAL",0,1,0,0,1
188,"RADAL & PARAGUAY, ESTACION CENTRAL",0,0,0,1,1
189,"PORTO SEGURO & RADAL, QUINTA NORMAL",0,0,0,1,1
190,"LAS REJAS SUR & MAILEF, ESTACION CENTRAL",0,0,0,1,1
191,"1765 AYUNTAMIENTO, QUINTA NORMAL",0,0,1,0,1
192,"RADAL & CARRASCAL, QUINTA NORMAL",0,1,0,1,2
193,"3996 DOMINGO SANTA MARIA, RENCA",0,0,1,0,1
194,"SAN JOSE & QUITRALCO, ESTACION CENTRAL",0,0,0,1,1
195,"4929 CARRASCAL, QUINTA NORMAL",0,0,0,1,1
196,"EDISON & PASAJE 1, QUINTA NORMAL",0,1,0,0,1
197,"RIVERA & DOMINGO SANTA MARIA, RENCA",0,0,0,1,1
198,"4790 5 DE ABRIL, ESTACION CENTRAL",0,0,0,1,1
199,"APOSTOL SANTIAGO & SENADOR JAIME GUZMAN ERRAZURIZ, RENCA",0,0,0,1,1
200,"LOS TULIPANES & COSTA RICA, RENCA",0,0,0,1,1
201,"DOCTOR MARCELO FITTE & GONZALO BULNES, QUINTA NORMAL",0,1,0,0,1
202,"HOEVEL & ENTRE RIOS, QUINTA NORMAL",0,0,0,2,1
203,"SANTA FE & PADRE TADEO, QUINTA NORMAL",0,0,0,1,1
204,"VICTORINO LAYNEZ & SAN PABLO, QUINTA NORMAL",0,0,0,1,1
205,"CARDENAL JOSE MARIA CARO & AUTOPISTA CENTRAL, CONCHALI",0,0,0,0,1
206,"GABRIELA MISTRAL & AUGUSTO D`HALMAR, LO ESPEJO",1,0,0,0,1
207,"MARTINEZ DE ROZAS & ANTONIO EBNER, QUINTA NORMAL",0,0,0,1,1
208,"JUANA WEBER DE AMUNATEGUI & GUILLERMO FRANKE, ESTACION CENTRAL",0,1,0,0,1
209,"CARRASCAL & EMBAJADOR GOMEZ, QUINTA NORMAL",1,0,0,0,1
210,"ANDES & LADRILLERO, QUINTA NORMAL",0,0,0,1,1
211,"ECUADOR & PLACILLA, ESTACION CENTRAL",0,0,0,1,1
212,"GARCES GANA & QUELLON, EL BOSQUE",0,0,0,2,1
213,"MARTINEZ DE ROZAS & BISMARCK, QUINTA NORMAL",0,0,0,0,1
214,"FERRARI & LO ESPEJO, LO ESPEJO",1,0,0,0,1
215,"AVIADOR BLERIOT & DOCTOR CARLOS OTTOLENGHI, QUINTA NORMAL",1,0,0,0,1
216,"DOMINGO SANTA MARIA & APOSTOL SANTIAGO, RENCA",1,0,0,1,3
217,"4260 SAN PABLO, QUINTA NORMAL",0,0,0,1,1
218,"CORONEL ROBLES & VARGAS FONTECILLA, QUINTA NORMAL",0,0,0,1,1
219,"MAPOCHO & JOAQUIN WALKER MARTINEZ, QUINTA NORMAL",0,0,0,1,1
220,"PADRE VICENTE IRARRAZABAL & ANTARTICA, ESTACION CENTRAL",0,1,0,0,1
221,"4198 MAPOCHO, QUINTA NORMAL",1,0,0,0,1
222,"SANTO DOMINGO & APOSTOL SANTIAGO, QUINTA NORMAL",0,0,0,2,2
223,"APOSTOL SANTIAGO & ECUADOR, ESTACION CENTRAL",0,0,0,1,1
224,"4137 ANDES, QUINTA NORMAL",0,0,0,1,1
225,"PADRE ALBERTO HURTADO & ECUADOR, ESTACION CENTRAL",0,0,0,1,1
226,"ANDES & ALCERRECA, QUINTA NORMAL",0,0,0,1,1
227,"MAPOCHO & ALCERRECA, QUINTA NORMAL",0,0,0,1,1
228,"SANTA TERESA & PINGUINOS, ESTACION CENTRAL",0,0,0,1,1
229,"MANUEL CHACON & FERROCARRIL, ESTACION CENTRAL",0,0,0,0,1
230,"LIBERTADOR BERNARDO O`HIGGINS & PADRE ALBERTO HURTADO, ESTACION CENTRAL",0,0,0,1,1
231,"4028 SAN PABLO, QUINTA NORMAL",0,1,0,0,1
232,"CENTRAL CARDENAL SILVA HENRIQUEZ & 5 NORTE, LO ESPEJO",0,0,0,1,2
233,"MAPOCHO & LOPE DE ULLOA, QUINTA NORMAL",0,0,0,1,1
234,"LAS BANDURRIAS & FLAMENCOS, HUECHURABA",0,0,0,0,1
235,"PEDRO AGUIRRE CERDA & MANUEL CHACON, CERRILLOS",0,2,0,1,2
236,"LIBERTADOR BERNARDO O`HIGGINS & RUIZ TAGLE, ESTACION CENTRAL",0,0,0,1,1
237,"LOURDES & MARTINEZ DE ROZAS, QUINTA NORMAL",0,0,0,1,1
238,"SENADOR JAIME GUZMAN ERRAZURIZ & CAMINO LO RUIZ, RENCA",0,1,0,1,1
239,"12784 GRAN AVENIDA JOSE MIGUEL CARRERA, EL BOSQUE",0,0,0,1,1
240,"SANTA ANITA & PRESIDENTE SALVADOR ALLENDE, LO ESPEJO",0,0,0,0,1
241,"JAVIERA CARRERA & EL PILLAN, EL BOSQUE",0,0,0,1,1
242,"PRESIDENTE EDUARDO FREI MONTALVA & CAMINO PRIVADO, RENCA",0,0,0,1,1
243,"INDIO JERONIMO & LUIS BARROS BORGONO, EL BOSQUE",0,0,1,0,1
244,"INDIO JERONIMO & GENERAL KORNER, EL BOSQUE",0,0,0,1,1
245,"12552 GRAN AVENIDA JOSE MIGUEL CARRERA, EL BOSQUE",0,0,0,1,1
246,"ANDES & RIVAS VICUNA, QUINTA NORMAL",0,0,1,0,1
247,"MARTINEZ DE ROZAS & RIVAS VICUNA, QUINTA NORMAL",0,0,0,1,1
248,"3505 IRENE FREI, ESTACION CENTRAL",0,0,0,0,1
249,"17 CENTRAL, EL BOSQUE",0,0,0,1,1
250,"3725 CARRASCAL, QUINTA NORMAL",0,0,0,1,1
251,"CARDENAL JOSE MARIA CARO & ERNESTO RIED, CONCHALI",0,0,0,1,1
252,"ANDES & JUAN MIRANDA, QUINTA NORMAL",0,0,0,1,1
253,"3411 MAPOCHO, QUINTA NORMAL",0,0,0,1,1
254,"5 DE ABRIL & DOLORES, ESTACION CENTRAL",0,0,0,1,1
255,"VICTOR PLAZA MAYORGA & ANTONIO BORQUEZ DEL SOLAR, EL BOSQUE",0,0,0,2,1
256,"VENTURA LAUREDA & PUERTO RICO, CONCHALI",0,0,0,1,1
257,"3296 CARRASCAL, QUINTA NORMAL",0,0,0,1,1
258,"MAIPU & DEPARTAMENTAL, PEDRO AGUIRRE CERDA",0,0,2,0,1
259,"2050 PRESIDENTE EDUARDO FREI MONTALVA, RENCA",0,0,0,1,1
260,"NUEVA LEON & LO MARTINEZ, EL BOSQUE",0,0,0,1,1
261,"808 MATUCANA, QUINTA NORMAL",0,0,0,1,1
262,"FERMIN VIVACETA & LOS ZAPADORES, CONCHALI",0,0,0,1,1
263,"GUANAJUATO & GUADALAJARA, LO ESPEJO",0,0,0,1,1
264,"YUNGAY & UNIDAD POPULAR, PEDRO AGUIRRE CERDA",0,1,0,0,1
265,"PORTALES & MATUCANA, SANTIAGO",1,0,1,0,1
266,"56 MATUCANA, ESTACION CENTRAL",0,1,0,0,1
267,"GOYCOLEA & LA VENDIMIA, LA CISTERNA",0,0,0,1,1
268,"AMERICO VESPUCIO & AMERICO VESPUCIO, HUECHURABA",0,0,0,1,1
269,"7280 SANTA MARTA DE HUECHURABA, HUECHURABA",0,0,0,1,1
270,"LIBERTADOR BERNARDO O`HIGGINS & MATUCANA, ESTACION CENTRAL",0,0,0,1,1
271,"18 DE SEPTIEMBRE & FLORA TORRES, EL BOSQUE",0,0,1,0,1
272,"MARIQUINA & 1 DE MAYO, PEDRO AGUIRRE CERDA",0,0,0,2,1
273,"FERMIN VIVACETA & EL OLIVO, CONCHALI",0,1,0,0,1
274,"GRAN AVENIDA JOSE MIGUEL CARRERA & CLODOMIRO FIGUEROA PONCE, EL BOSQUE",0,0,0,1,1
275,"PRESIDENTE BALMACEDA & COSTANERA SUR, QUINTA NORMAL",0,0,0,2,1
276,"DIEGO DE SEVILLA & LO MORENO, EL BOSQUE",0,0,0,1,1
277,"LOS CAROLINOS & LOS JAZMINES, EL BOSQUE",0,0,0,1,1
278,"PETROHUE & QUEMCHI, PEDRO AGUIRRE CERDA",0,1,0,0,1
279,"ROSAS & ESPERANZA, SANTIAGO",0,0,0,2,1
280,"LIBERTADOR BERNARDO O`HIGGINS & MAIPU, SANTIAGO",0,0,0,1,1
281,"2 DE ABRIL & VIRGINIO ARIAS, PEDRO AGUIRRE CERDA",0,0,0,1,1
282,"CLUB HIPICO & PETROHUE, PEDRO AGUIRRE CERDA",0,0,0,0,1
283,"SANTA MARTA DE HUECHURABA & SANTA ELENA DE HUECHURABA, HUECHURABA",0,0,0,0,1
284,"2973 BLANCO ENCALADA, SANTIAGO",0,2,0,0,2
285,"ROSAS & LIBERTAD, SANTIAGO",0,0,0,1,1
286,"SANTO DOMINGO & LIBERTAD, SANTIAGO",0,0,0,1,1
287,"TRINIDAD RAMIREZ & ARGENTINA, LA CISTERNA",0,0,0,1,1
288,"MAPOCHO & RAFAEL SOTOMAYOR, SANTIAGO",0,1,0,0,1
289,"QUEMCHI & CARELMAPU, PEDRO AGUIRRE CERDA",0,0,0,2,1
290,"JOSE JOAQUIN PRIETO VIAL & PRESIDENTE SALVADOR ALLENDE, LO ESPEJO",0,0,0,1,1
291,"GRAN AVENIDA JOSE MIGUEL CARRERA & GENERAL MANUEL TOVARIAS, EL BOSQUE",0,0,0,2,2
292,"2 DE ABRIL & EUGENIO MATTE, PEDRO AGUIRRE CERDA",0,0,0,1,1
293,"DOMINGO SANTA MARIA & LO CANAS, INDEPENDENCIA",0,0,0,0,1
294,"CARLOS MARX & LOS COMANDOS, PEDRO AGUIRRE CERDA",0,0,0,1,1
295,"CUETO & SAN PABLO, SANTIAGO",0,0,0,1,1
296,"PEDRO FONTOVA & NAVIDAD, CONCHALI",0,0,0,1,1
297,"ROSAS & CUETO, SANTIAGO",0,0,0,2,2
298,"DEPARTAMENTAL & FELIX MENDELSSOHN, PEDRO AGUIRRE CERDA",0,1,0,0,1
299,"5666 PEDRO FONTOVA, CONCHALI",0,0,0,1,1
300,"936 LOS CAROLINOS, EL BOSQUE",0,0,0,2,2
301,"6426 PEDRO FONTOVA, HUECHURABA",0,0,0,1,1
302,"CARELMAPU & MANUELA ERRAZURIZ, PEDRO AGUIRRE CERDA",0,0,0,1,1
303,"ROSAS & GARCIA REYES, SANTIAGO",0,0,0,1,1
304,"TARTINI & LUCRECIA BORGIA, PEDRO AGUIRRE CERDA",0,0,0,2,1
305,"LOS MORROS & LOS CAROLINOS, EL BOSQUE",0,1,0,0,1
306,"GENERAL BULNES & SAN PABLO, SANTIAGO",0,0,0,1,1
307,"DEPARTAMENTAL & CLUB HIPICO, PEDRO AGUIRRE CERDA",1,0,0,0,1
308,"2519 LIBERTADOR BERNARDO O`HIGGINS, SANTIAGO",0,0,0,1,1
309,"CATEDRAL & GENERAL BULNES, SANTIAGO",0,1,0,0,1
310,"LOS MORROS & CLARA SOLOVERA CORTES, EL BOSQUE",0,0,0,1,1
311,"GENERAL BULNES & COMPANIA DE JESUS, SANTIAGO",0,1,0,2,2
312,"GENERAL BULNES & AGUSTINAS, SANTIAGO",0,1,0,1,2
313,"GENERAL BULNES & ERASMO ESCALA, SANTIAGO",0,0,0,1,2
314,"LAS CANTERAS & PENUELAS, EL BOSQUE",0,0,1,2,1
315,"MAPOCHO & RICARDO CUMMING, SANTIAGO",0,0,0,0,1
316,"ENRIQUE MATTE & CLOTARIO BLEST, PEDRO AGUIRRE CERDA",0,0,1,2,2
317,"MARTINEZ DE ROZAS & RICARDO CUMMING, SANTIAGO",0,0,0,1,1
318,"RICARDO CUMMING & SAN PABLO, SANTIAGO",0,0,0,0,1
319,"LOS DIAMANTES & SANTA ELENA, EL BOSQUE",0,0,0,1,1
320,"2301 COMPANIA DE JESUS, SANTIAGO",0,0,0,0,1
321,"LIBERTADOR BERNARDO O`HIGGINS & REPUBLICA, SANTIAGO",0,1,0,1,2
322,"BLANCO ENCALADA & ESPANA, SANTIAGO",0,0,0,1,1
323,"DORSAL & LA PALMILLA, CONCHALI",0,1,0,0,1
324,"2254 LIBERTADOR BERNARDO O`HIGGINS, SANTIAGO",0,0,0,1,1
325,"REPUBLICA & GRAJALES, SANTIAGO",0,1,0,2,4
326,"LIBERTADOR BERNARDO O`HIGGINS & RICARDO CUMMING, SANTIAGO",0,0,0,1,2
327,"ISABEL LA CATOLICA & NAVARRA, LA CISTERNA",0,0,0,1,2
328,"PADRE HURTADO & ALEJANDRO GUZMAN, EL BOSQUE",0,1,0,0,1
329,"TOESCA & REPUBLICA, SANTIAGO",0,0,0,1,1
330,"CLAUDIO GAY & REPUBLICA, SANTIAGO",0,0,0,1,2
331,"LIBERTADOR BERNARDO O`HIGGINS & ECHAURREN, SANTIAGO",0,0,0,1,1
332,"EL MOLINO & LAS ARAUCARIAS, INDEPENDENCIA",0,0,0,1,1
333,"ECHAURREN & BLANCO ENCALADA, SANTIAGO",0,0,0,1,1
334,"BRASIL & GENERAL MACKENNA, SANTIAGO",0,1,0,0,1
335,"9410 GRAN AVENIDA JOSE MIGUEL CARRERA, LA CISTERNA",0,0,0,0,1
336,"AGUSTINAS & BRASIL, SANTIAGO",0,0,0,1,1
337,"PADRE HURTADO & RIQUELME, EL BOSQUE",0,0,0,1,1
338,"ROSAS & BRASIL, SANTIAGO",0,0,0,3,2
339,"CLUB HIPICO & BLANCO ENCALADA, SANTIAGO",0,0,0,1,1
340,"LIBERTADOR BERNARDO O`HIGGINS & BRASIL, SANTIAGO",0,0,0,1,2
341,"SANTO DOMINGO & BRASIL, SANTIAGO",0,0,0,1,1
342,"9241 GRAN AVENIDA JOSE MIGUEL CARRERA, LA CISTERNA",0,1,0,0,1
343,"INGLATERRA & ESCANILLA, INDEPENDENCIA",0,0,1,0,1
344,"LOS SAUCES & LOS RAULIES, EL BOSQUE",0,0,0,1,1
345,"LAZO & JOSE JOAQUIN PRIETO VIAL, SAN MIGUEL",0,1,0,0,1
346,"1861 ROSAS, SANTIAGO",0,0,0,1,1
347,"GRAN AVENIDA JOSE MIGUEL CARRERA & GOYCOLEA, LA CISTERNA",0,1,0,0,1
348,"GRAN AVENIDA JOSE MIGUEL CARRERA & AMERICO VESPUCIO, LA CISTERNA",1,0,0,1,2
349,"BEAUCHEFF & ALCALDE CARLOS VALDOVINOS, PEDRO AGUIRRE CERDA",0,0,0,1,1
350,"LIBERTADOR BERNARDO O`HIGGINS & CIENFUEGOS, SANTIAGO",0,0,0,0,1
351,"AMERICO VESPUCIO & GRAN AVENIDA JOSE MIGUEL CARRERA, LA CISTERNA",0,0,0,1,1
352,"CATEDRAL & ALMIRANTE BARROSO, SANTIAGO",0,0,0,1,1
353,"GRAN AVENIDA JOSE MIGUEL CARRERA & AUGUSTO BIAUT, LA CISTERNA",0,0,0,1,1
354,"VERGARA & LIBERTADOR BERNARDO O`HIGGINS, SANTIAGO",0,1,0,0,2
355,"PARAISO & SUR, EL BOSQUE",1,0,0,0,1
356,"MERCURIO & GRAN AVENIDA JOSE MIGUEL CARRERA, LA CISTERNA",0,0,0,1,1
357,"117 GOYCOLEA, LA CISTERNA",0,0,0,1,1
358,"GRAN AVENIDA JOSE MIGUEL CARRERA & LAS BRISAS, LA CISTERNA",0,0,0,0,1
359,"ROSAS & GUARDIAMARINA RIQUELME, SANTIAGO",0,0,0,1,1
360,"LOS MIMBRES & SANTA ELENA, EL BOSQUE",0,0,0,1,1
361,"ISABEL LA CATOLICA & GRAN AVENIDA JOSE MIGUEL CARRERA, LA CISTERNA",0,1,0,0,1
362,"LIBERTADOR BERNARDO O`HIGGINS & MANUEL RODRIGUEZ, SANTIAGO",0,1,0,2,2
363,"MANUEL RODRIGUEZ & AGUSTINAS, SANTIAGO",0,1,0,0,1
364,"1773 SAZIE, SANTIAGO",0,0,0,1,1
365,"SALESIANOS & JOSE JOAQUIN PRIETO VIAL, SAN MIGUEL",0,0,0,1,1
366,"PAULINA & BRIONES LUCO, LA CISTERNA",0,0,0,1,1
367,"GRAN AVENIDA JOSE MIGUEL CARRERA & EL PARRON, LA CISTERNA",0,0,0,1,1
368,"PAULINA & ZURICH SUR, LA CISTERNA",0,0,0,1,1
369,"MANUEL RODRIGUEZ & TOESCA, SANTIAGO",0,0,0,1,1
370,"GENERAL RONDIZZONI & LUIS COUSINO, SANTIAGO",0,0,0,1,1
371,"ROSAS & SAN MARTIN, SANTIAGO",0,0,0,0,1
372,"GUANACO & BENJAMIN QUEZADA, CONCHALI",1,0,0,0,1
373,"GRAN AVENIDA JOSE MIGUEL CARRERA & LUCERNA, LA CISTERNA",0,0,0,2,1
374,"GUANACO & DIEGO SILVA HENRIQUEZ, CONCHALI",0,0,0,1,1
375,"EINSTEIN & GUANACO, INDEPENDENCIA",0,0,0,1,1
376,"GRAN AVENIDA JOSE MIGUEL CARRERA & GENERAL FREIRE, LA CISTERNA",0,1,0,1,2
377,"DIECIOCHO & PADRE ALONSO DE OVALLE, SANTIAGO",0,1,0,0,1
378,"301 LAS BRISAS, LA CISTERNA",0,1,0,0,1
379,"AGUSTINAS & SAN MARTIN, SANTIAGO",0,0,0,0,1
380,"HERMANOS AMUNATEGUI & SAN PABLO, SANTIAGO",0,0,0,0,1
381,"1153 EINSTEIN, RECOLETA",0,0,0,2,1
382,"GRAN AVENIDA JOSE MIGUEL CARRERA & LO OVALLE, LA CISTERNA",0,0,0,0,1
383,"DIECIOCHO & SANTA ISABEL, SANTIAGO",0,0,0,0,1
384,"1435 ALEJANDRO GUZMAN, EL BOSQUE",0,0,0,1,1
385,"GRAN AVENIDA JOSE MIGUEL CARRERA & OCTAVA AVENIDA, SAN MIGUEL",0,0,0,1,1
386,"INDEPENDENCIA & COLON, INDEPENDENCIA",0,0,0,2,2
387,"BERNARDINO PARADA & TENIENTE MONTT SALAMANCA, LA PINTANA",0,0,0,1,1
388,"SAN IGNACIO DE LOYOLA & MANUEL ANTONIO MATTA, SANTIAGO",0,0,0,1,1
389,"1462 SAN IGNACIO DE LOYOLA, SANTIAGO",0,0,0,1,1
390,"VALENTIN LETELIER & TEATINOS, SANTIAGO",0,0,0,0,1
391,"VICUNA MACKENNA & PATRICIO LYNCH, LA CISTERNA",0,0,0,1,1
392,"ALMIRANTE RIVEROS & TORREBLANCA, LA CISTERNA",0,0,0,1,1
393,"LORD COCHRANE & COQUIMBO, SANTIAGO",0,0,0,0,1
394,"GENERAL MACKENNA & BANDERA, SANTIAGO",0,0,0,1,1
395,"BANDERA & SAN PABLO, SANTIAGO",0,0,0,0,1
396,"NATANIEL COX & ELEUTERIO RAMIREZ, SANTIAGO",0,0,0,0,2
397,"MORANDE & LIBERTADOR BERNARDO O`HIGGINS, SANTIAGO",0,1,0,0,1
398,"ALEJANDRO VIAL & URUGUAY, LA CISTERNA",0,0,0,1,1
399,"SANTA ISABEL & NATANIEL COX, SANTIAGO",0,0,0,0,1
400,"TARAPACA & ZENTENO, SANTIAGO",0,0,0,1,1
401,"ROBERTO ESPINOZA & MANUEL ANTONIO MATTA, SANTIAGO",0,1,0,0,1
402,"LA PAZ & ECHEVERRIA, INDEPENDENCIA",1,0,0,1,1
403,"VICUNA MACKENNA & SAN PEDRO, LA CISTERNA",0,0,0,0,1
404,"NATANIEL COX & MANUEL ANTONIO MATTA, SANTIAGO",0,0,0,2,2
405,"COPIAPO & ZENTENO, SANTIAGO",0,0,0,2,1
406,"DORSAL & JOSE MIGUEL CARRERA, RECOLETA",0,0,0,2,1
407,"4004 GRAN AVENIDA JOSE MIGUEL CARRERA, SAN MIGUEL",0,0,0,1,1
408,"TARAPACA & ARTURO PRAT, SANTIAGO",0,0,1,1,2
409,"MONSERRAT & SANTOS DUMONT, RECOLETA",0,0,0,1,1
410,"ESPERANZA & ISMAEL TOCORNAL, SAN RAMON",0,0,0,1,1
411,"SAN DIEGO & GENERAL GANA, SANTIAGO",0,0,0,2,1
412,"9285 ISMAEL TOCORNAL, SAN RAMON",0,0,0,1,1
413,"TUCAPEL & CARAHUE, LA PINTANA",0,0,0,0,1
414,"MERCED & ENRIQUE MAC IVER, SANTIAGO",0,0,0,1,1
415,"TARAPACA & SAN FRANCISCO, SANTIAGO",0,0,0,1,1
416,"SANTA ISABEL & SAN FRANCISCO, SANTIAGO",0,0,0,0,1
417,"LIBERTADOR BERNARDO O`HIGGINS & SANTA ROSA, SANTIAGO",0,1,0,3,3
418,"ISMAEL VALDES VERGARA & MIRAFLORES, SANTIAGO",0,0,0,0,1
419,"752 TARAPACA, SANTIAGO",0,0,0,0,1
420,"RUBEN DARIO & DORSAL, RECOLETA",0,0,0,2,2
421,"ECUADOR & ISMAEL TOCORNAL, SAN RAMON",0,0,0,1,1
422,"PATRONATO, RECOLETA",0,0,0,1,1
423,"SAN FRANCISCO & MARINA DE GAETE, SANTIAGO",0,0,0,1,1
424,"SANTA LUCIA & MONEDA, SANTIAGO",0,0,0,1,1
425,"SAN FRANCISCO & VICTORIA, SANTIAGO",0,0,0,1,1
426,"RECOLETA & RAWSON, RECOLETA",0,0,0,1,1
427,"EINSTEIN & RECOLETA, RECOLETA",0,0,0,1,1
428,"676 SANTA ROSA, SANTIAGO",0,0,0,1,1
429,"RECOLETA & MUNOZ GAMERO, RECOLETA",0,1,0,1,2
430,"MANUEL ANTONIO MATTA & SANTA ROSA, SANTIAGO",0,0,0,0,1
431,"CARLOS SILVA VILDOSOLA & SAN FRANCISCO, SAN MIGUEL",0,1,0,0,1
432,"517 CURICO, SANTIAGO",0,0,1,1,1
433,"CURICO & CARMEN, SANTIAGO",0,0,0,1,1
434,"SANTA ROSA & MIGUEL LEON PRADO, SANTIAGO",0,0,0,1,1
435,"AMERICO VESPUCIO & RECOLETA, RECOLETA",0,0,0,1,1
436,"COPIAPO & SAN ISIDRO, SANTIAGO",0,0,0,1,1
437,"CARABINERO GENARO RODRIGUEZ & ALMIRANTE LATORRE, SAN RAMON",0,0,0,0,1
438,"ISABEL RIQUELME & SANTA ROSA, SAN MIGUEL",0,1,0,0,1
439,"ALVEAR & MAYO, SAN RAMON",0,0,0,1,1
440,"SANTA ROSA & ISABEL RIQUELME, SAN JOAQUIN",0,1,0,0,1
441,"PERU & SAN CRISTOBAL, RECOLETA",0,0,0,1,1
442,"BELLAVISTA & BOMBERO NUNEZ, RECOLETA",0,0,0,1,1
443,"PERU & SANTOS DUMONT, RECOLETA",0,0,0,1,1
444,"MANUEL ANTONIO MATTA & SAN ISIDRO, SANTIAGO",0,0,0,3,2
445,"LIBERTADOR BERNARDO O`HIGGINS & PORTUGAL, SANTIAGO",0,0,0,1,1
446,"SIN CLASIFICACION & RECOLETA, HUECHURABA",0,0,0,1,1
447,"3040 SANTA ROSA, SAN JOAQUIN",0,0,0,0,1
448,"RECOLETA & PRESIDENTE SALVADOR ALLENDE, HUECHURABA",0,0,0,1,1
449,"EINSTEIN & ALBANO, RECOLETA",0,0,0,1,1
450,"SAN ISIDRO & MAULE, SANTIAGO",0,0,0,1,1
451,"MATTA VIAL & SANTA ROSA, SAN JOAQUIN",0,0,0,0,1
452,"SANTA ELVIRA & SANTIAGO CONCHA, SANTIAGO",0,0,0,1,1
453,"CARMEN & MANUEL ANTONIO MATTA, SANTIAGO",0,0,0,1,1
454,"PURISIMA & CARDENAL JOSE MARIA CARO, SANTIAGO",0,0,0,0,1
455,"PERU & CELIA COLOMA, RECOLETA",0,0,0,1,1
456,"SANTA ISABEL & LIRA, SANTIAGO",0,0,0,1,1
457,"VENTURA LAVALLE & CARMEN, SANTIAGO",0,0,0,0,1
458,"ALFREDO ROSENDE & LOS CARDENALES, RECOLETA",0,0,0,0,1
459,"JUAN ANTONIO RIOS & LIRCAY, SAN RAMON",0,0,1,0,1
460,"ADELA MARTINEZ & HEROE ENRIQUE REYES, RECOLETA",0,1,0,0,1
461,"SANTA ROSA & DEPARTAMENTAL, SAN JOAQUIN",0,0,0,2,1
462,"LIRA & COQUIMBO, SANTIAGO",0,0,0,0,1
463,"569 ALVAREZ DE TOLEDO, SAN JOAQUIN",0,0,0,0,1
464,"335 MARIN, SANTIAGO",0,0,0,0,1
465,"MERCED & IRENE MORALES, SANTIAGO",0,0,0,1,1
466,"CURICO & PORTUGAL, SANTIAGO",0,0,0,1,1
467,"LIBERTADOR BERNARDO O`HIGGINS & IRENE MORALES, SANTIAGO",0,0,0,1,1
468,"GENERAL JOFRE & PORTUGAL, SANTIAGO",0,1,0,0,1
469,"MANUEL MACKENNA, PROVIDENCIA",0,0,0,1,1
470,"INDEPENDENCIA & TIL TIL, SAN RAMON",0,0,0,1,1
471,"CARMEN & NUBLE, SANTIAGO",0,0,0,1,1
472,"200 CURICO, SANTIAGO",0,0,0,1,1
473,"LO MARTINEZ & PORTO ALEGRE, LA PINTANA",0,0,0,1,1
474,"GENERAL GANA & CARMEN, SANTIAGO",0,0,0,0,1
475,"CARDENAL JOSE MARIA CARO & PIO NONO, SANTIAGO",0,2,0,0,2
476,"LOS NOGALES & LOS TEHUELCHES, HUECHURABA",0,0,0,0,1
477,"LO OVALLE & SANTA ROSA, LA GRANJA",0,0,0,1,1
478,"BOLIVIA & PEDRO AGUIRRE CERDA, SAN RAMON",0,0,1,0,1
479,"PEDRO AGUIRRE CERDA & AMERICO VESPUCIO, SAN RAMON",0,0,0,1,1
480,"PEDRO AGUIRRE CERDA & VICUNA MACKENNA, SAN RAMON",0,0,1,0,1
481,"PEDRO AGUIRRE CERDA & RIQUELME, SAN RAMON",0,0,0,1,1
482,"10 DE JULIO HUAMACHUCO & PORTUGAL, SANTIAGO",0,0,0,0,1
483,"126 BELLAVISTA, PROVIDENCIA",0,0,0,1,1
484,"7592 SANTA ROSA, LA GRANJA",0,0,0,1,1
485,"VICUNA MACKENNA & RANCAGUA, SANTIAGO",0,0,0,1,1
486,"MALLINKRODT & NUEVA DARDIGNAC, PROVIDENCIA",0,0,0,0,1
487,"FRANCISCO BILBAO & VICUNA MACKENNA, SANTIAGO",0,0,0,1,1
488,"RECOLETA & LOS GOMEROS, HUECHURABA",0,0,0,1,1
489,"SARGENTO CANDELARIA & ARTURO PRAT, SAN RAMON",0,0,0,1,1
490,"RAMON CARNICER & ARTURO BURHLE, PROVIDENCIA",0,0,0,1,1
491,"PRESIDENTE SALVADOR ALLENDE & JUAN GRIEGO, SAN JOAQUIN",0,0,0,1,1
492,"SANTA ROSA & TOME, LA GRANJA",0,1,0,0,1
493,"SANTA ROSA & DONIHUE, SAN RAMON",0,0,1,0,1
494,"SANTA ROSA & QUINTEROS, LA GRANJA",0,1,0,0,1
495,"VICUNA MACKENNA & MARIN, PROVIDENCIA",0,0,0,3,3
496,"ARAUCO & SIERRA BELLA, SANTIAGO",0,0,0,0,1
497,"GABRIELA PONIENTE & LO BLANCO, LA PINTANA",0,0,0,1,1
498,"SANTA ROSA & SUR, LA GRANJA",0,0,0,1,1
499,"AMERICO VESPUCIO & SANTA ROSA, SAN RAMON",0,0,0,2,2
500,"PABLO NERUDA & LOS NOGALES, HUECHURABA",0,0,0,2,1
501,"SANTA ROSA & ERNESTO RIQUELME, LA GRANJA",0,0,0,0,1
502,"VICUNA MACKENNA & SANTA ISABEL, PROVIDENCIA",0,0,0,1,1
503,"LOS FRANCISCANOS & SANTA ROSA, SAN RAMON",0,0,0,1,1
504,"24 SANTA ISABEL, PROVIDENCIA",0,0,0,1,1
505,"SEMINARIO & PROVIDENCIA, PROVIDENCIA",0,0,0,2,2
506,"MANUEL ANTONIO PRIETO & GENERAL BUSTAMANTE, PROVIDENCIA",0,1,0,0,1
507,"MANUEL ANTONIO MATTA & SANTA ELENA, SANTIAGO",0,0,0,1,1
508,"ISABEL RIQUELME & ARTEMIO GUTIERREZ, SAN JOAQUIN",0,0,1,0,1
509,"GENERAL BUSTAMANTE & MARIN, PROVIDENCIA",0,1,0,0,1
510,"SANTA ROSA & LAS UVAS Y EL VIENTO, LA GRANJA",0,0,0,1,1
511,"VICUNA MACKENNA & IRARRAZAVAL, SANTIAGO",0,1,0,2,2
512,"LA TRANQUERA & SEBASTOPOL, SAN JOAQUIN",1,0,0,0,1
513,"66 MUJICA, NUNOA",0,0,0,1,1
514,"SANTA ISABEL & GENERAL BUSTAMANTE, PROVIDENCIA",0,0,0,1,2
515,"SEMINARIO & RICARDO MATTE PEREZ, PROVIDENCIA",0,1,0,2,1
516,"LAS TORRES & ANTONIA SILVA, RECOLETA",0,0,0,1,1
517,"86 SEMINARIO, PROVIDENCIA",0,0,0,0,1
518,"EL SALTO & PEDRO DONOSO VERGARA, RECOLETA",0,0,0,1,1
519,"LAS INDUSTRIAS & ISABEL RIQUELME, SAN JOAQUIN",0,0,0,0,1
520,"SANTA ROSA & ESPERANZA, LA GRANJA",0,1,0,1,2
521,"VICUNA MACKENNA & MANUEL ANTONIO MATTA, NUNOA",0,0,0,4,3
522,"LAS INDUSTRIAS & ISABEL RIQUELME, SAN JOAQUIN",0,0,0,0,1
523,"743 GENERAL BUSTAMANTE, NUNOA",0,0,0,1,1
524,"PADRE ESTEBAN GUMUCIO VIVES & 6 ORIENTE, LA GRANJA",0,0,0,1,1
525,"DEPARTAMENTAL & VERONESSE, SAN JOAQUIN",0,0,0,1,1
526,"IRARRAZAVAL & GENERAL BUSTAMANTE, NUNOA",0,0,0,1,1
527,"LAS INDUSTRIAS & FRANCIS DRAKE, SAN JOAQUIN",0,0,0,0,1
528,"MANUEL RODRIGUEZ & CONSISTORIAL, LA GRANJA",0,0,0,1,1
529,"PROVIDENCIA & CONDELL, PROVIDENCIA",0,0,0,1,1
530,"LAS INDUSTRIAS & ALCALDE PEDRO ALARCON, SAN JOAQUIN",0,1,0,0,1
531,"CAMINO AL BOSQUE DE SANTIAGO & PRESIDENTE SALVADOR ALLENDE, HUECHURABA",0,0,1,0,1
532,"LAS INDUSTRIAS & ALVAREZ DE TOLEDO, SAN JOAQUIN",0,0,0,2,2
533,"DEL ARZOBISPO & BELLAVISTA, PROVIDENCIA",0,0,0,1,1
534,"GENERAL BUSTAMANTE & MANUEL ANTONIO MATTA, NUNOA",0,0,0,1,1
535,"SANTA ROSA & GENERAL ARRIAGADA, LA PINTANA",0,1,0,0,1
536,"68 SAN EUGENIO, NUNOA",0,0,0,1,1
537,"LAS INDUSTRIAS & PRESIDENTE SALVADOR ALLENDE, SAN JOAQUIN",1,0,0,0,1
538,"LOS LILENES & LOS VILOS, LA GRANJA",0,1,0,0,1
539,"MATTA ORIENTE & SAN EUGENIO, NUNOA",0,0,0,1,1
540,"JOSE SANTOS GONZALEZ VERA & SOFIA EASTMAN DE HUNNEUS, LA GRANJA",0,0,1,0,1
541,"SANTA MARIA & DEL ARZOBISPO, PROVIDENCIA",0,0,0,0,2
542,"ITALIA & FRANCISCO BILBAO, PROVIDENCIA",0,0,0,1,1
543,"SANTA ROSA & BALDOMERO LILLO, LA PINTANA",0,0,0,1,1
544,"1779 VICUNA MACKENNA, NUNOA",0,0,0,0,1
545,"VICUNA MACKENNA & CARLOS DITTBORN, NUNOA",0,0,0,1,1
546,"SANTA ROSA & LO BLANCO, LA PINTANA",0,1,0,0,1
547,"LINARES & EL TABO, LA GRANJA",0,1,0,1,1
548,"PROVIDENCIA & ELIODORO YANEZ, PROVIDENCIA",0,1,0,1,2
549,"SUAREZ MUJICA & SEMINARIO, NUNOA",0,1,0,0,1
550,"LAUTARO & SANTA ROSA, LA PINTANA",0,0,0,1,2
551,"URETA COX & GUSTAVO CAMPANA GANDARILLAS, SAN JOAQUIN",0,0,0,1,1
552,"LO ENCALADA & MATTA ORIENTE, NUNOA",0,0,1,1,2
553,"479 SANTA ANA, LA GRANJA",0,0,0,1,1
554,"SALVADOR & RANCAGUA, PROVIDENCIA",0,1,0,1,2
555,"ALCALDE CARLOS VALDOVINOS & 1 DE MAYO, SAN JOAQUIN",0,0,0,1,1
556,"FRANCISCO BILBAO & SALVADOR, PROVIDENCIA",0,0,0,0,1
557,"1209 SAN EUGENIO, NUNOA",0,0,0,0,1
558,"693 RANCAGUA, PROVIDENCIA",0,0,0,0,1
559,"1501 SAN EUGENIO, NUNOA",0,0,1,0,1
560,"1 DE MAYO & DARWIN, SAN JOAQUIN",0,0,0,1,1
561,"SALVADOR & MARIN, PROVIDENCIA",0,0,0,1,1
562,"BRAVO & JOSE MANUEL INFANTE, PROVIDENCIA",0,0,0,1,1
563,"LAS INDUSTRIAS & SEBASTOPOL, SAN JOAQUIN",0,0,0,1,1
564,"7740 CARDENAL RAUL SILVA HENRIQUEZ, LA GRANJA",0,0,0,1,1
565,"CARLOS DITTBORN & SAN EUGENIO, NUNOA",0,1,0,1,2
566,"LO ENCALADA & SUR, NUNOA",0,0,0,1,1
567,"LO OVALLE & LAS INDUSTRIAS, LA GRANJA",0,0,0,0,1
568,"1773 SAN EUGENIO, NUNOA",0,0,0,0,1
569,"SAN GREGORIO & EL TABO, LA GRANJA",0,0,0,1,1
570,"FRANCISCO BILBAO & JULIO PRADO, PROVIDENCIA",0,0,0,1,1
571,"VICUNA MACKENNA & RODRIGO DE ARAYA, NUNOA",0,0,0,2,2
572,"JOSE MIGUEL CLARO & PROVIDENCIA, PROVIDENCIA",0,0,1,0,1
573,"ELIODORO YANEZ & BRAVO, PROVIDENCIA",0,1,0,0,1
574,"LAS INDUSTRIAS & CENTRAL, LA GRANJA",0,0,1,0,2
575,"IRARRAZAVAL & MATTA ORIENTE, NUNOA",0,0,1,0,1
576,"ANDRES BELLO & GENERAL CALDERON, PROVIDENCIA",0,1,0,0,1
577,"1246 PROVIDENCIA, PROVIDENCIA",0,0,0,1,1
578,"GENERAL CALDERON & DOCTOR CARLOS CHARLIN, PROVIDENCIA",0,0,0,3,2
579,"1567 ANDRES BELLO, PROVIDENCIA",0,0,0,1,1
580,"966 ALFEREZ REAL, PROVIDENCIA",0,0,0,0,1
581,"SALVADOR & JOSE DOMINGO CANAS, NUNOA",0,1,0,1,1
582,"SALVADOR & IRARRAZAVAL, NUNOA",0,1,0,1,2
583,"ELIODORO YANEZ & JOSE MIGUEL CLARO, PROVIDENCIA",0,0,0,1,2
584,"FRANCISCO BILBAO & ROMAN DIAZ, PROVIDENCIA",0,0,0,1,1
585,"OBISPO ORREGO & GRECIA, NUNOA",0,1,0,1,2
586,"980 CARLOS DITTBORN, NUNOA",0,0,0,1,1
587,"SANTA ISABEL & JOSE MANUEL INFANTE, PROVIDENCIA",0,0,0,2,1
588,"ANDRES BELLO & PADRE MARIANO, PROVIDENCIA",0,0,0,1,1
589,"SANTA MARIA & LA CONCEPCION, PROVIDENCIA",0,0,0,1,2
590,"JOSE MIGUEL CLARO & CANO Y APONTE, PROVIDENCIA",0,0,0,1,1
591,"COMBARBALA & PARRAL, LA GRANJA",1,0,0,1,1
592,"ALFEREZ REAL & JOSE MIGUEL CLARO, PROVIDENCIA",0,0,0,1,1
593,"JOSE MIGUEL CLARO & FRANCISCO BILBAO, PROVIDENCIA",0,0,0,0,1
594,"GUILLERMO MANN & CALLE 6, NUNOA",0,0,0,2,1
595,"ANDRES BELLO & LA CONCEPCION, PROVIDENCIA",0,0,0,0,1
596,"PERICLES & LOS JAZMINES, NUNOA",0,0,0,0,1
597,"MAIHUE & PIRAMIDE, SAN JOAQUIN",0,0,0,1,1
598,"1136 FRANCISCO BILBAO, PROVIDENCIA",0,0,0,1,1
599,"CARLOS DITTBORN & LOS JAZMINES, NUNOA",0,0,0,2,2
600,"JOSE MIGUEL CLARO & CLEMENTE FABRES, PROVIDENCIA",0,0,0,2,2
601,"632 TOME, LA GRANJA",1,0,0,0,1
602,"DUBLE ALMEYDA & JOSE MANUEL INFANTE, NUNOA",0,0,0,1,1
603,"532 MANUEL MONTT, PROVIDENCIA",0,0,0,1,1
604,"MANUEL MONTT & ELIODORO YANEZ, PROVIDENCIA",0,0,0,0,1
605,"JOSE MIGUEL CLARO & MANUEL ANTONIO MAIRA, PROVIDENCIA",0,0,0,1,1
606,"ALFEREZ REAL & JOSE TOMAS RIDER, PROVIDENCIA",0,0,0,1,1
607,"SANTA MARIA & MONSENOR CARLOS CASANUEVA, PROVIDENCIA",0,0,0,1,1
608,"BRASILIA & DEPARTAMENTAL, SAN JOAQUIN",0,0,1,0,1
609,"REPUBLICA DE ISRAEL & ALCALDE EDUARDO CASTILLO VELASCO, NUNOA",0,0,0,1,1
610,"JOSE MIGUEL CLARO & SANTA ISABEL, PROVIDENCIA",0,0,0,3,1
611,"JUANITA & GABRIELA, LA PINTANA",1,0,0,1,2
612,"DEL VALLE & DEL PARQUE, HUECHURABA",0,0,0,1,1
613,"EL COMENDADOR & PEDRO DE VALDIVIA NORTE, PROVIDENCIA",0,0,0,1,1
614,"JOSE MIGUEL CLARO & RENGO, PROVIDENCIA",0,0,0,1,1
615,"LA SERENA & CANTO GENERAL, LA GRANJA",0,0,0,1,1
616,"LOS CONQUISTADORES & PEDRO DE VALDIVIA NORTE, PROVIDENCIA",0,0,0,1,1
617,"ALFEREZ REAL & MANUEL MONTT, PROVIDENCIA",0,1,0,0,1
618,"CAPITAN FUENTES & IRARRAZAVAL, NUNOA",0,0,0,1,1
619,"1500 QUILIN, MACUL",0,0,0,1,1
620,"ANTONIO VARAS & VALENZUELA CASTILLO, PROVIDENCIA",0,1,0,0,1
621,"VICUNA MACKENNA & MONSENOR CARLOS CASANUEVA, MACUL",0,0,0,1,1
622,"855 ANTONIO VARAS, PROVIDENCIA",0,0,0,0,1
623,"SANTA MARIA & PEDRO DE VALDIVIA NORTE, PROVIDENCIA",0,0,0,0,2
624,"ANDRES BELLO & FRANCISCO NOGUERA, PROVIDENCIA",0,0,0,1,1
625,"VICUNA MACKENNA & RAQUEL, MACUL",0,0,0,1,1
626,"GRECIA & REPUBLICA DE ISRAEL, NUNOA",0,0,0,2,1
627,"4860 VICUNA MACKENNA, MACUL",0,1,0,0,1
628,"ANDRES BELLO & PEDRO DE VALDIVIA, PROVIDENCIA",0,0,0,0,1
629,"CORONEL & AMERICO VESPUCIO, LA GRANJA",0,0,0,2,2
630,"ALFEREZ REAL & ANTONIO VARAS, PROVIDENCIA",0,0,0,1,1
631,"1952 MANUEL MONTT, PROVIDENCIA",0,0,0,0,1
632,"FRANCISCO BILBAO & ANTONIO VARAS, PROVIDENCIA",0,0,0,1,1
633,"MATILDE SALAMANCA & ELIODORO YANEZ, PROVIDENCIA",0,0,0,1,1
634,"5292 VICUNA MACKENNA, MACUL",0,0,0,0,1
635,"DUBLE ALMEYDA & MONSENOR EYZAGUIRRE, NUNOA",0,0,0,1,1
636,"PUYEHUE & ANTONIO VARAS, PROVIDENCIA",0,1,0,0,1
637,"ANTONIO VARAS & FRANCISCO BILBAO, PROVIDENCIA",0,0,0,0,1
638,"CORONEL & MANUEL RODRIGUEZ, LA GRANJA",0,0,0,1,1
639,"LINARES & VILLARRICA, LA GRANJA",0,0,0,1,1
640,"PROVIDENCIA & PEDRO DE VALDIVIA, PROVIDENCIA",0,3,0,1,3
641,"VICUNA MACKENNA & DEPARTAMENTAL, MACUL",0,0,0,1,1
642,"MARCHANT PEREIRA & DARIO URZUA, PROVIDENCIA",0,0,1,0,1
643,"ANTONIO VARAS & LOS CAPITANES, PROVIDENCIA",0,0,0,0,1
644,"BATALLON CHACABUCO & SOLDADO CORREA, LA PINTANA",0,1,0,0,1
645,"NUEVA DE LYON & ANDRES BELLO, PROVIDENCIA",0,0,0,0,1
646,"JOSE DOMINGO CANAS & CARMEN COVARRUBIAS, NUNOA",0,0,0,1,1
647,"MARATHON & LOS TULIPEROS, MACUL",0,0,0,0,1
648,"CARMEN COVARRUBIAS & DUBLE ALMEYDA, NUNOA",0,0,0,1,1
649,"2171 ANTONIO VARAS, NUNOA",0,0,0,1,1
650,"PUERTO VARAS & OSORNO, LA GRANJA",0,1,1,0,1
651,"SUCRE & ANTONIO VARAS, NUNOA",0,0,0,2,1
652,"45 NUEVA DE LYON, PROVIDENCIA",0,0,0,1,1
653,"PROVIDENCIA & RICARDO LYON, PROVIDENCIA",0,1,0,0,1
654,"TENIENTE MONTT & ANTONIO VARAS, NUNOA",0,0,0,2,2
655,"PUNTA ARENAS & NACIONES UNIDAS, LA FLORIDA",0,1,0,0,1
656,"2214 PROVIDENCIA, PROVIDENCIA",0,1,0,0,1
657,"RICARDO LYON & 11 DE SEPTIEMBRE, PROVIDENCIA",0,0,0,1,1
658,"GRECIA & CAMPOS DE DEPORTES, NUNOA",0,1,0,1,2
659,"MIRADOR AZUL PONIENTE & PUNTA ARENAS, LA FLORIDA",0,0,0,1,1
660,"PEDRO DE VALDIVIA & ELIODORO YANEZ, PROVIDENCIA",0,0,0,2,2
661,"SIMON BOLIVAR & ANTONIO VARAS, NUNOA",0,0,0,1,1
662,"2042 IRARRAZAVAL, NUNOA",0,0,0,1,1
663,"4061 PASAJE 310, MACUL",0,0,0,1,1
664,"DUBLE ALMEYDA & CAMPOS DE DEPORTES, NUNOA",0,0,0,0,1
665,"RICARDO LYON & JORGE ISAACS, PROVIDENCIA",0,1,1,1,3
666,"2425 ANDRES BELLO, PROVIDENCIA",0,0,0,1,1
667,"8671 ISLA ADELAIDA, LA FLORIDA",1,0,0,0,1
668,"2200 SIMON BOLIVAR, NUNOA",0,0,0,1,1
669,"PROVIDENCIA & SUECIA, PROVIDENCIA",0,0,0,1,1
670,"8043 PUNTA ARENAS, LA GRANJA",0,0,0,1,1
671,"PUNTA ARENAS & LINARES, LA FLORIDA",0,0,0,1,1
672,"RICARDO LYON & EUROPA, PROVIDENCIA",0,0,0,1,1
673,"GUILLERMO MANN & NELSON, NUNOA",0,2,0,0,1
674,"CARLOS ANTUNEZ & RICARDO LYON, PROVIDENCIA",0,0,0,1,1
675,"PEDRO DE VALDIVIA & FRANCISCO BILBAO, PROVIDENCIA",0,2,0,3,4
676,"2372 ESCUELA AGRICOLA, MACUL",0,0,0,1,1
677,"1001 AMERICO VESPUCIO, HUECHURABA",0,0,0,0,1
678,"GABRIELA & 4 ORIENTE, PUENTE ALTO",0,0,0,1,1
679,"RICARDO LYON & DARIO URZUA, PROVIDENCIA",0,0,0,1,1
680,"2415 GUILLERMO MANN, NUNOA",0,0,0,1,1
681,"SIMON BOLIVAR & MARCHANT PEREIRA, NUNOA",0,1,0,1,1
682,"4862 PEDRO DE VALDIVIA, NUNOA",0,0,0,1,1
683,"GRECIA & PEDRO DE VALDIVIA, NUNOA",0,1,0,2,3
684,"2810 ANDRES BELLO, LAS CONDES",0,0,0,1,1
685,"JUAN XXIII & FRESIA, LA FLORIDA",0,0,0,1,1
686,"LOS PLATANOS & PEDRO DE VALDIVIA, MACUL",0,0,0,1,1
687,"ALCALDE EDUARDO CASTILLO VELASCO & PEDRO DE VALDIVIA, NUNOA",0,0,0,1,1
688,"VICUNA MACKENNA PONIENTE & MILLARAY, LA FLORIDA",0,0,0,0,1
689,"POCURO & RICARDO LYON, PROVIDENCIA",0,0,0,1,1
690,"2460 SAN PIO X, PROVIDENCIA",0,0,0,1,1
691,"PEDRO DE VALDIVIA & IRARRAZAVAL, NUNOA",0,1,0,1,1
692,"LOS LEONES & ENRIQUE NERCASSEAUX, PROVIDENCIA",0,0,0,1,1
693,"BENITO REBOLLEDO & MARATHON, MACUL",0,0,0,0,1
694,"RICARDO LYON & CALIFORNIA, PROVIDENCIA",0,0,0,1,2
695,"CARMEN SILVA & LOS LEONES, PROVIDENCIA",0,1,0,0,1
696,"FRANCISCO BILBAO & RICARDO LYON, PROVIDENCIA",0,0,0,1,2
697,"OBISPO ARTURO ESPINOZA CAMPOS & QUILIN, MACUL",0,1,0,0,1
698,"LOS LEONES & CARLOS ANTUNEZ, PROVIDENCIA",0,0,0,0,1
699,"GRECIA & LOS 3 ANTONIOS, NUNOA",0,1,0,0,1
700,"2444 CARMEN SILVA, PROVIDENCIA",0,0,0,0,1
701,"AUTOPISTA DEL MAIPO & DOCTOR AMADOR NEGHME, PUENTE ALTO",0,0,1,0,1
702,"6501 VICUNA MACKENNA, LA FLORIDA",0,0,0,0,1
703,"2177 RICARDO LYON, PROVIDENCIA",0,0,0,1,1
704,"AMUNDSEN & RICARDO LYON, PROVIDENCIA",0,0,0,1,1
705,"DEPARTAMENTAL & EXEQUIEL FERNANDEZ, LA FLORIDA",0,0,0,1,1
706,"ELIODORO YANEZ & LOS LEONES, PROVIDENCIA",0,1,0,0,1
707,"RICARDO LYON & DOCTOR PEDRO LAUTARO FERRER, NUNOA",0,1,0,0,1
708,"ENCOMENDEROS & SAN SEBASTIAN, LAS CONDES",0,0,1,1,1
709,"HERNAN CORTES & RICARDO LYON, NUNOA",0,1,0,0,1
710,"DUBLE ALMEYDA & LOS 3 ANTONIOS, NUNOA",0,1,0,1,1
711,"3020 RICARDO LYON, NUNOA",0,0,0,2,1
712,"ISABEL MONTT & NUEVA COSTANERA, VITACURA",0,0,1,0,1
713,"BICENTENARIO & ALONSO DE CORDOVA, VITACURA",0,0,0,1,1
714,"PROVIDENCIA & APOQUINDO, PROVIDENCIA",0,0,0,0,1
715,"VITACURA & PEREZ ZUJOVIC, LAS CONDES",1,0,0,1,1
716,"LOS LEONES & POCURO, PROVIDENCIA",0,0,0,1,1
717,"EXEQUIEL FERNANDEZ & PADRE LUIS QUERBES, MACUL",0,0,0,1,1
718,"SAN JOSE DE LA ESTRELLA & SALAR DE ASCOTAN, LA FLORIDA",0,0,1,0,1
719,"PRESIDENTE RIESCO & BENJAMIN, LAS CONDES",0,0,0,1,1
720,"SUECIA & DOCTOR PEDRO LAUTARO FERRER, NUNOA",0,0,0,1,1
721,"VITACURA & PEREZ ZUJOVIC, VITACURA",0,0,0,1,1
722,"IRARRAZAVAL & JOSE LUIS ARANEDA, NUNOA",0,0,0,1,1
723,"4500 EXEQUIEL FERNANDEZ, MACUL",0,0,0,1,1
724,"EXEQUIEL FERNANDEZ & QUILIN, MACUL",0,1,0,0,1
725,"LUIS THAYER OJEDA & CARMEN SILVA, PROVIDENCIA",0,0,0,1,1
726,"EXEQUIEL FERNANDEZ & LOS OLMOS, MACUL",0,2,0,1,2
727,"42 EL BOSQUE NORTE, LAS CONDES",0,0,0,1,1
728,"17 EL BOSQUE SUR, LAS CONDES",0,0,0,1,1
729,"APOQUINDO & EL BOSQUE NORTE, LAS CONDES",0,0,0,2,1
730,"GABRIELA & CRETA, PUENTE ALTO",0,0,0,1,1
731,"DOCTOR ROBERTO DEL RIO & ELIODORO YANEZ, PROVIDENCIA",0,0,0,0,1
732,"EXEQUIEL FERNANDEZ & LAS ENCINAS, NUNOA",0,0,0,1,1
733,"GRECIA & EXEQUIEL FERNANDEZ, NUNOA",0,1,0,0,1
734,"3021 EL AGUILUCHO, PROVIDENCIA",0,0,0,0,1
735,"SUECIA & IRARRAZAVAL, NUNOA",0,0,0,0,1
736,"FROILAN ROA & BENITO REBOLLEDO, MACUL",0,0,0,1,1
737,"IRARRAZAVAL & EXEQUIEL FERNANDEZ, NUNOA",0,0,0,1,1
738,"ELIODORO YANEZ & LUIS THAYER OJEDA, PROVIDENCIA",0,0,0,1,1
739,"LOS LEONES & DOCTOR PEDRO LAUTARO FERRER, PROVIDENCIA",0,0,0,1,1
740,"MACUL & ARTURO GONZALVEZ, MACUL",0,1,0,0,1
741,"CALLAO & VECINAL, LAS CONDES",0,0,0,1,1
742,"3728 MACUL, MACUL",0,1,0,0,1
743,"LAS MADRESELVAS & MACUL, MACUL",0,0,0,2,2
744,"MACUL & LOS ESPINOS, MACUL",0,0,0,1,1
745,"3140 DUBLE ALMEYDA, NUNOA",0,0,0,1,1
746,"1165 JOSE PEDRO ALESSANDRI, NUNOA",0,0,0,1,1
747,"475 JOSE PEDRO ALESSANDRI, NUNOA",0,0,0,1,1
748,"SIMON BOLIVAR & CHILE ESPANA, NUNOA",0,0,2,0,2
749,"LOTA & TOBALABA, LAS CONDES",0,0,0,1,1
750,"3501 VITACURA, VITACURA",0,0,0,0,1
751,"CALLAO & AUGUSTO LEGUIA SUR, LAS CONDES",0,0,0,1,1
752,"LOS PLATANOS & DORILA RAVANAL, MACUL",0,0,0,1,1
753,"VICUNA MACKENNA PONIENTE & RODRIGUEZ VELASCO, LA FLORIDA",0,0,0,1,1
754,"LUIS THAYER OJEDA & BUSTOS, PROVIDENCIA",0,0,0,1,1
755,"GABRIELA & DE LA ASTRONOMIA, PUENTE ALTO",0,0,0,1,1
756,"LAS DALIAS & EL BOSQUE, PROVIDENCIA",0,0,0,1,1
757,"EL BOSQUE & LA BRABANZON, PROVIDENCIA",0,0,0,1,1
758,"ALONSO DE CORDOVA & VITACURA, VITACURA",0,0,0,1,1
759,"822 GENERAL ARRIAGADA, LA FLORIDA",0,0,0,0,1
760,"POCURO & AUGUSTO OVALLE CASTILLO, PROVIDENCIA",0,0,0,1,1
761,"GRECIA & CAPITAN IGNACIO CARRERA PINTO, NUNOA",0,0,0,1,1
762,"FRANCISCO DE AGUIRRE & AMERICO VESPUCIO NORTE, VITACURA",0,1,0,0,1
763,"FROILAN ROA & AMERICO VESPUCIO, LA FLORIDA",0,0,0,1,1
764,"EL LIBANO & MACUL, MACUL",0,1,0,0,1
765,"JORGE MATTE GORMAZ & POCURO, PROVIDENCIA",0,0,0,1,1
766,"5557 EL LIBANO, MACUL",0,0,0,1,1
767,"TOBALABA & RAMON SOTOMAYOR VALDES, LAS CONDES",0,0,0,1,1
768,"1116 GABRIELA, PUENTE ALTO",0,0,0,1,1
769,"SANTA JULIA & LOS OLMOS, MACUL",0,0,0,1,1
770,"AMAPOLAS & MARCEL DUHAUT, PROVIDENCIA",0,0,0,0,1
771,"OBISPO ENRIQUE ALVEAR & EL BELLOTO, PUENTE ALTO",0,0,0,0,1
772,"532 TRINIDAD, LA FLORIDA",0,0,0,1,1
773,"EL LIBANO & CAMPO LINDO, MACUL",0,0,0,1,1
774,"VITACURA & LOS LAURELES, VITACURA",0,0,0,0,1
775,"TOKIO & HIROSHIMA, LA FLORIDA",0,0,0,1,1
776,"JUAN DE DIOS MALEBRAN & MIGUEL ANGEL, PUENTE ALTO",0,0,0,1,1
777,"591 OSCAR BONILLA, PUENTE ALTO",0,0,0,0,1
778,"HUILMO & JUAN DE DIOS MALEBRAN, PUENTE ALTO",0,0,0,1,1
779,"AMERICO VESPUCIO NORTE & VITACURA, VITACURA",0,1,0,0,1
780,"CRISTOBAL COLON & MARCO POLO, LAS CONDES",0,0,0,2,2
781,"COLOMBIA & WALKER MARTINEZ, LA FLORIDA",0,0,0,1,1
782,"AUGUSTO VILLANUEVA & IRARRAZAVAL, NUNOA",1,0,0,0,1
783,"BARCELONA & FIGUERAS, PUENTE ALTO",0,0,0,1,1
784,"LOS PENSAMIENTOS & POCURO, PROVIDENCIA",0,0,0,1,1
785,"SAN VICENTE DE PAUL & PASAJE 1, MACUL",0,0,0,1,1
786,"BURGOS & RENATO SANCHEZ, LAS CONDES",0,0,0,1,1
787,"AMERICO VESPUCIO NORTE & LAS HUALTATAS, VITACURA",0,0,0,0,1
788,"9524 VICUNA MACKENNA ORIENTE, LA FLORIDA",1,0,0,1,1
789,"TOBALABA & POCURO, PROVIDENCIA",0,0,0,2,2
790,"PRESIDENTE RIESCO & AMERICO VESPUCIO NORTE, LAS CONDES",0,0,0,1,1
791,"IRAN, MACUL",0,0,0,1,1
792,"AMERICO VESPUCIO NORTE & PRESIDENTE KENNEDY, LAS CONDES",0,0,0,1,1
793,"5820 LA FLORIDA, LA FLORIDA",0,0,0,1,1
794,"VICUNA MACKENNA & TRINIDAD, LA FLORIDA",0,0,0,1,1
795,"2055 TOBALABA, PROVIDENCIA",0,0,0,0,1
796,"COLOMBIA & PERPETUA FREIRE, LA FLORIDA",0,0,0,1,1
797,"420 INDEPENDENCIA, PUENTE ALTO",0,0,0,1,1
798,"JUAN DE DIOS MALEBRAN & SAN CARLOS, PUENTE ALTO",0,0,0,1,1
799,"ELIECER PARADA & AMAPOLAS, NUNOA",0,0,0,0,1
800,"VICUNA MACKENNA & JOSE MIGUEL CARRERA, LA FLORIDA",0,0,0,1,1
801,"AMERICO VESPUCIO & APOQUINDO, LAS CONDES",0,0,0,2,2
802,"MONTENEGRO & VICENTE REYES, NUNOA",0,0,0,1,1
803,"GABRIELA PONIENTE & ULISES, PUENTE ALTO",0,1,0,1,2
804,"COLOMBIA & SANTA JULIA, LA FLORIDA",0,0,0,1,1
805,"MARIANO SANCHEZ FONTECILLA & FRANCISCO BILBAO, LAS CONDES",0,0,0,1,1
806,"LA FLORIDA & EL PARQUE, LA FLORIDA",0,1,0,0,1
807,"ERNESTO ALVEAR & RAFAEL ALBERTI, PUENTE ALTO",0,0,0,0,1
808,"LAS PALMAS & DEPARTAMENTAL, LA FLORIDA",0,0,0,2,2
809,"PRESIDENTE BATTLE Y ORDONEZ & ORTUZAR, NUNOA",0,1,0,1,2
810,"2 SUR & 5 PONIENTE, PUENTE ALTO",0,0,0,1,1
811,"VICUNA MACKENNA & GUACOLDA, LA FLORIDA",1,0,0,0,1
812,"DOMINGO TOCORNAL & CENTRAL, PUENTE ALTO",0,0,0,1,1
813,"SANTA JULIA & ALONSO DE ERCILLA, LA FLORIDA",0,0,0,1,1
814,"FELIX DE AMESTI & NEVERIA, LAS CONDES",0,0,0,1,1
815,"AMERICO VESPUCIO SUR & PORTOFINO, LAS CONDES",0,0,0,1,1
816,"VICUNA MACKENNA & RIO CALLE CALLE, PUENTE ALTO",0,0,0,1,1
817,"NUEVA 1 & LAS MADRESELVAS, MACUL",0,0,0,1,1
818,"131 GABRIELA PONIENTE, PUENTE ALTO",0,1,0,0,1
819,"JUAN DE AUSTRIA & ISABEL LA CATOLICA, LAS CONDES",0,1,0,1,2
820,"3871 CONCHA Y TORO, PUENTE ALTO",1,0,0,0,1
821,"CONCHA Y TORO & GABRIELA ORIENTE, PUENTE ALTO",0,0,0,0,1
822,"ISABEL LA CATOLICA & FLANDES, LAS CONDES",0,0,0,0,1
823,"IRARRAZAVAL & PRESIDENTE BATTLE Y ORDONEZ, NUNOA",0,0,0,2,2
824,"AMERICO VESPUCIO & VESPUCIO SUR EXPRESS, MACUL",0,0,0,0,1
825,"9462 COLOMBIA, LA FLORIDA",0,0,0,1,1
826,"CONCHA Y TORO & DEL CARIBE, PUENTE ALTO",0,0,0,1,2
827,"1600 WALKER MARTINEZ, LA FLORIDA",0,0,0,1,1
828,"DOMINGO TOCORNAL & DIAGONAL NORTE, PUENTE ALTO",0,0,0,0,1
829,"EYZAGUIRRE & ARGENTINA, PUENTE ALTO",0,0,0,1,1
830,"PIO XI & ALONSO DE CORDOVA, LAS CONDES",0,0,1,0,1
831,"CONCHA Y TORO & LUIS MATTE LARRAIN, PUENTE ALTO",0,0,0,2,2
832,"270 INDEPENDENCIA, PUENTE ALTO",0,0,0,0,1
833,"PIO XI & PRESIDENTE RIESCO, LAS CONDES",0,0,0,1,1
834,"LA FLORIDA & WALKER MARTINEZ, LA FLORIDA",0,1,0,0,1
835,"LUIS PASTEUR & MANQUEHUE NORTE, VITACURA",0,0,0,1,1
836,"AMERICO VESPUCIO SUR & ISABEL LA CATOLICA, LAS CONDES",1,0,0,0,1
837,"LAS TORRES & SARGENTO SEGUNDO JUAN HORMAZABAL, PENALOLEN",0,0,0,1,1
838,"2385 CONCHA Y TORO, PUENTE ALTO",0,1,0,0,1
839,"RODRIGO DE ARAYA & AMERICO VESPUCIO, MACUL",0,0,0,0,1
840,"EL LAGO & AMERICO VESPUCIO, PENALOLEN",0,0,0,1,1
841,"LOS TOROS & NEMESIO VICUNA, PUENTE ALTO",0,0,0,1,1
842,"SANTA AMALIA & LOS MANANTIALES, LA FLORIDA",0,0,0,1,1
843,"GRECIA & AMERICO VESPUCIO, NUNOA",0,0,0,1,1
844,"NEVERIA & ROSA O`HIGGINS, LAS CONDES",0,0,0,1,1
845,"442 EL LABRADOR, PUENTE ALTO",0,1,0,0,1
846,"1940 WALKER MARTINEZ, LA FLORIDA",0,0,0,1,1
847,"FRANCISCO BILBAO & AMERICO VESPUCIO SUR, LAS CONDES",0,0,0,1,1
848,"DEPARTAMENTAL & LOS CEREZOS, PENALOLEN",0,1,0,0,1
849,"10954 SANTA LUCIA, LA FLORIDA",0,0,0,1,1
850,"JOAQUIN CERDA & LUIS PASTEUR, VITACURA",0,0,1,0,1
851,"WALKER MARTINEZ & SANTA DELIA, LA FLORIDA",0,0,1,1,1
852,"CONCHA Y TORO & DOMINGO TOCORNAL, PUENTE ALTO",0,0,0,1,2
853,"CONCHA Y TORO & PROFESOR ALCAINO, PUENTE ALTO",0,1,0,0,1
854,"ERNESTO ALVEAR & CONCHA Y TORO, PUENTE ALTO",0,0,0,1,1
855,"WALKER MARTINEZ & VECINAL, LA FLORIDA",0,1,0,0,1
856,"SANTA JULIA & LA FLORIDA, LA FLORIDA",0,0,0,2,2
857,"LAS HUALTATAS & MANQUEHUE NORTE, VITACURA",0,0,0,1,1
858,"LOS MILITARES & ROSARIO NORTE, LAS CONDES",0,0,0,1,1
859,"OSSA & LOS AGUSTINOS, LA REINA",0,1,0,0,1
860,"733 LOS TOROS, PUENTE ALTO",0,0,0,1,1
861,"ENRIQUE OLIVARES & CANADA, LA FLORIDA",0,0,0,2,2
862,"6025 EL VALLE, PENALOLEN",0,1,0,0,1
863,"LA FLORIDA & ROJAS MAGALLANES, LA FLORIDA",0,0,2,0,2
864,"PROFESOR ALCAINO & SANTA ELENA, PUENTE ALTO",0,0,0,0,1
865,"ALONSO DE CAMARGO & SEBASTIAN ELCANO, LAS CONDES",0,0,0,1,1
866,"APOQUINDO & ROSARIO NORTE, LAS CONDES",0,0,0,1,1
867,"GRECIA & FRONTERA, PENALOLEN",0,0,1,0,1
868,"LARRAIN & OSSA, LA REINA",0,1,0,2,3
869,"NEMESIO VICUNA & LAS NIEVES ORIENTE, PUENTE ALTO",0,0,0,1,1
870,"149 OSSA, LA REINA",0,0,0,0,1
871,"QUILIN & LOS CEREZOS, PENALOLEN",0,0,0,1,1
872,"MANQUEHUE & PRESIDENTE RIESCO, LAS CONDES",0,0,0,1,1
873,"SANTA ELENA & JOSE LUIS COO, PUENTE ALTO",0,0,0,1,1
874,"WALKER MARTINEZ & EL LLAVERIO, LA FLORIDA",0,0,0,1,1
875,"LA FLORIDA & EL BOSQUE, LA FLORIDA",0,1,0,0,1
876,"LOS PRESIDENTES & AFLUENTE, PENALOLEN",0,0,0,1,1
877,"SANTA INES & LA FLORIDA, LA FLORIDA",0,1,0,4,4
878,"DOMINGO TOCORNAL & NEMESIO VICUNA, PUENTE ALTO",0,0,0,0,1
879,"9650 LA FLORIDA, LA FLORIDA",0,0,1,0,1
880,"FRANCISCO DE VILLAGRA & PAULA JARAQUEMADA, LA REINA",0,0,0,0,1
881,"LARRAIN & GUEMES, LA REINA",0,1,0,0,1
882,"NEMESIO VICUNA & JOSE MANUEL IRARRAZAVAL, PUENTE ALTO",0,0,0,1,1
883,"NONATO COO & GABRIELA ORIENTE, PUENTE ALTO",0,1,0,0,1
884,"PALENA & ALICAHUE, LA FLORIDA",0,0,0,1,1
885,"LAS TORRES & LOS TALLADORES, PENALOLEN",0,0,0,1,1
886,"NEMESIO VICUNA & PEDRO LAGOS, PUENTE ALTO",0,0,0,1,1
887,"3235 NONATO COO, PUENTE ALTO",0,0,0,1,1
888,"EL VALLE & BARRANQUILLA, PENALOLEN",0,0,1,0,1
889,"CUARTO CENTENARIO & APOQUINDO, LAS CONDES",0,0,0,2,2
890,"LOS PRESIDENTES & CARACAS, PENALOLEN",0,1,0,0,1
891,"LARRAIN & JAVIERA CARRERA NORTE, LA REINA",0,0,0,1,1
892,"CRISTOBAL COLON & LA CAPITANIA, LAS CONDES",0,0,0,2,1
893,"RONCESVALLES & MANQUEHUE SUR, LAS CONDES",0,0,0,2,1
894,"LAS MALVAS & MANQUEHUE SUR, LAS CONDES",0,0,0,0,2
895,"SAN FRANCISCO & NONATO COO, PUENTE ALTO",0,0,0,1,1
896,"ORIENTAL & LOS MOLINEROS, PENALOLEN",0,0,0,1,1
897,"3042 WALKER MARTINEZ, LA FLORIDA",0,0,0,1,1
898,"3023 SAN FRANCISCO, PUENTE ALTO",0,1,0,0,1
899,"FRANCISCO BILBAO & MANQUEHUE SUR, LAS CONDES",0,0,0,1,1
900,"MEXICO & LOS TOROS, PUENTE ALTO",0,0,0,1,1
901,"MARIA TERESA & CUARTO CENTENARIO, LAS CONDES",0,0,0,1,1
902,"6589 ALTIPLANO, PENALOLEN",0,0,0,1,1
903,"NONATO COO & CALETA BARRANQUILLAS, PUENTE ALTO",0,0,0,1,1
904,"6562 ECHENIQUE, LA REINA",0,0,0,1,1
905,"700 JOSE LUIS COO, PUENTE ALTO",0,0,0,1,1
906,"NONATO COO & EDUARDO CORDERO, PUENTE ALTO",0,0,0,1,1
907,"EL AROMO & LO BELTRAN, VITACURA",0,0,0,0,1
908,"7642 JARDIN ALTO, LA FLORIDA",0,0,0,1,1
909,"4673 CAMILO HENRIQUEZ, PUENTE ALTO",0,0,0,1,1
910,"ROJAS MAGALLANES & ORIENTE, LA FLORIDA",0,0,0,1,1
911,"SIMON BOLIVAR & SANTA RITA, LA REINA",0,0,0,1,1
912,"MEXICO & SAN HUGO, PUENTE ALTO",0,0,0,1,1
913,"MARIANO SANCHEZ FONTECILLA & QUILIN, PENALOLEN",0,0,0,0,1
914,"ALONSO DE CAMARGO & ROBERTO LOPEZ MENESES, LAS CONDES",0,0,0,1,1
915,"7000 CRISTOBAL COLON, LAS CONDES",0,0,0,0,1
916,"BRAMANTE & EL GRECO, LA REINA",0,0,1,0,1
917,"GABRIELA ORIENTE & LAS NIEVES ORIENTE, PUENTE ALTO",0,0,0,1,1
918,"MARIANO SANCHEZ FONTECILLA & CAMILO MORI, PENALOLEN",0,0,0,1,1
919,"ANGEL PIMENTEL & SAN FRANCISCO, PUENTE ALTO",0,0,0,1,1
920,"NOCEDAL & SALVADOR IZQUIERDO, LA REINA",0,1,0,0,1
921,"MONTE OLIMPO & VITACURA, VITACURA",0,1,0,0,1
922,"TOBIAS BARROS & LEONARDO DA VINCI, LA REINA",0,0,0,1,1
923,"JARDIN ALTO & ENRIQUE OLIVARES, LA FLORIDA",0,0,0,1,1
924,"MARDONAL & LAS TRANQUERAS, LAS CONDES",0,0,0,2,1
925,"TOBALABA & FRANCISCO DE VILLAGRA, LA REINA",0,1,0,0,1
926,"ORIENTAL & CALLE 13 A, PENALOLEN",0,1,0,0,1
927,"CRISTOBAL COLON & CUARTO CENTENARIO, LAS CONDES",0,1,0,1,2
928,"CAMILO HENRIQUEZ & LOS TOROS, PUENTE ALTO",0,0,0,1,1
929,"JOSE ARRIETA & JACINTO CHACON, PENALOLEN",0,1,0,0,1
930,"CAMILO HENRIQUEZ & EL PERAL, PUENTE ALTO",0,1,0,0,1
931,"VICENTE PEREZ ROSALES & FLORENCIO BARRIOS, LA REINA",0,0,0,1,1
932,"FLORENCIO BARRIOS & FRANCISCO BILBAO, LA REINA",0,0,0,0,1
933,"FRANCISCO BILBAO & FLORENCIO BARRIOS, LAS CONDES",0,0,0,1,1
934,"JOSE ARRIETA & TOBALABA, PENALOLEN",0,1,0,1,2
935,"CONSISTORIAL & QUILIN, PENALOLEN",0,0,0,1,1
936,"LAS PARCELAS & MARIANO SANCHEZ FONTECILLA, PENALOLEN",0,0,0,1,1
937,"7536 CALLE 15 A, PENALOLEN",0,0,0,1,1
938,"LARRAIN & PEPE VILA, LA REINA",0,0,0,0,1
939,"ROJAS MAGALLANES & EL HUALLE SUR, LA FLORIDA",0,2,0,0,1
940,"GRECIA & CALLE 435, PENALOLEN",0,0,0,1,1
941,"CAMILO HENRIQUEZ & WOLNEY QUIROGA, PUENTE ALTO",0,0,0,1,1
942,"10 ORIENTE & ANTUPIREN, PENALOLEN",0,0,0,1,1
943,"CAMILO HENRIQUEZ & EL PENON, PUENTE ALTO",0,0,0,1,2
944,"MANUEL CLARO VIAL & DUQUECO, LAS CONDES",0,1,0,0,1
945,"FRANCISCO BILBAO & DUQUECO, LAS CONDES",0,0,0,0,1
946,"9001 PRESIDENTE KENNEDY, LAS CONDES",0,0,1,0,1
947,"CHESTERTON & PADRE HURTADO CENTRAL, LAS CONDES",0,0,0,1,1
948,"140 JORGE ALESSANDRI, LA REINA",0,0,0,0,1
949,"CARLOS OSSANDON & ECHENIQUE, LA REINA",0,0,0,1,1
950,"CARLOS OSSANDON & CARLOS SILVA VILDOSOLA, LA REINA",0,0,0,1,1
951,"8581 SIMON GONZALEZ, LA REINA",0,1,0,0,1
952,"8661 LARRAIN, LA REINA",0,0,0,0,1
953,"CIRCULO APOLO & GENERAL BLANCHE, LAS CONDES",0,0,0,0,1
954,"CONSISTORIAL & LAS PARCELAS, PENALOLEN",0,0,0,1,1
955,"CAMILO HENRIQUEZ & SAN CARLOS, PUENTE ALTO",0,1,0,0,1
956,"ANDACOLLO & LARRAIN, LA REINA",0,0,0,2,2
957,"CARLOS SILVA VILDOSOLA & PADRE HURTADO, LA REINA",0,0,0,1,1
958,"CORDILLERA & PASAJE 4, LA REINA",0,0,0,1,1
959,"GRECIA & RIO CLARO, PENALOLEN",0,0,0,1,1
960,"CALAMA & MAMINA, LA REINA",0,0,0,1,1
961,"PATRICIA & PICHIDANGUI, LAS CONDES",0,0,0,0,1
962,"LAS PARCELAS & RIO CLARO, PENALOLEN",0,0,0,1,1
963,"9312 NUEVA BILBAO, LAS CONDES",0,1,0,0,1
964,"TALINAY & FRAY ANDRES, LA REINA",0,0,0,2,2
965,"LARRAIN & PARINACOTA, LA REINA",0,0,0,1,1
966,"VALLE HERMOSO & RIO CLARO, PENALOLEN",0,0,0,1,1
967,"12205 JOSE ALCALDE DELANO, LO BARNECHEA",0,1,0,0,1
968,"LA DEHESA & CAMINO CENTRAL, LO BARNECHEA",0,1,0,0,1
969,"FRANCISCO BULNES CORREA & QUEBRADA HONDA, LAS CONDES",0,0,0,1,1
970,"CHARLES HAMILTON & SAN FRANCISCO DE ASIS, LAS CONDES",0,0,0,1,1
971,"RUBEN BARRALES & COMANDANTE MALBEC, LO BARNECHEA",0,0,0,1,1
972,"CERRO EL CEPO & SAN CARLOS DE APOQUINDO, LAS CONDES",0,0,0,2,1
973,"LO BARNECHEA & GARRIDO, LO BARNECHEA",0,0,1,0,1
